{
  "mode": "combined",
  "device": "cuda",
  "batch_size": 128,
  "ratios": [
    0.7749999999999999
  ],
  "results": [
    {
      "ratio": 0.7749999999999999,
      "sparsity": 77.48196291216982,
      "accuracy": 9.99,
      "loss": 2.9456750508695366
    }
  ]
}