{
  "checkpoint": "/home/antonio/imt_efficient_deep_learning/antonio/experiments/quantization/best_model.pth",
  "device": "cuda",
  "precision_mode": "native_fp16",
  "q_w": 16,
  "q_a": 16,
  "w": 269722,
  "f": 40551040,
  "w_ref": 5600000.0,
  "f_ref": 280000000.0,
  "acc_threshold": 90.0,
  "structured_ratios": [
    0.0,
    0.05,
    0.1,
    0.15
  ],
  "unstructured_ratios": [
    0.5,
    0.7,
    0.8
  ],
  "finetune_epochs": 12,
  "lr": 0.003,
  "momentum": 0.9,
  "weight_decay": 0.0001,
  "results_sorted_by_raw_score": [
    {
      "p_s_target": 0.15,
      "p_u_target_relative": 0.8,
      "p_u_score_equivalent": 0.68,
      "measured_filter_sparsity_percent": 15.261627906976743,
      "measured_weight_sparsity_percent": 83.08426748554052,
      "pre_retrain_accuracy_percent": 12.33,
      "pre_retrain_loss": 2.4428875,
      "post_retrain_accuracy_percent": 89.95,
      "post_retrain_loss": 0.3006447265625,
      "raw_param_term": 22926.36999999999,
      "raw_ops_term": 17234192.0,
      "raw_score": 0.06564468035714285,
      "normalized_param_term": 0.004093994642857142,
      "normalized_ops_term": 0.061550685714285715,
      "normalized_score": 0.06564468035714285
    },
    {
      "p_s_target": 0.15,
      "p_u_target_relative": 0.7,
      "p_u_score_equivalent": 0.595,
      "measured_filter_sparsity_percent": 15.116279069767442,
      "measured_weight_sparsity_percent": 74.62658756186273,
      "pre_retrain_accuracy_percent": 11.78,
      "pre_retrain_loss": 2.80001875,
      "post_retrain_accuracy_percent": 91.33,
      "post_retrain_loss": 0.2672017578125,
      "raw_param_term": 34389.555,
      "raw_ops_term": 17234192.0,
      "raw_score": 0.06769167767857143,
      "normalized_param_term": 0.006140991964285714,
      "normalized_ops_term": 0.061550685714285715,
      "normalized_score": 0.06769167767857143
    },
    {
      "p_s_target": 0.1,
      "p_u_target_relative": 0.8,
      "p_u_score_equivalent": 0.7200000000000001,
      "measured_filter_sparsity_percent": 10.029069767441861,
      "measured_weight_sparsity_percent": 81.90365810029218,
      "pre_retrain_accuracy_percent": 14.82,
      "pre_retrain_loss": 2.3183796875,
      "post_retrain_accuracy_percent": 90.31,
      "post_retrain_loss": 0.28801171875,
      "raw_param_term": 24274.979999999992,
      "raw_ops_term": 18247968.0,
      "raw_score": 0.06950613214285714,
      "normalized_param_term": 0.004334817857142856,
      "normalized_ops_term": 0.06517131428571428,
      "normalized_score": 0.06950613214285714
    },
    {
      "p_s_target": 0.1,
      "p_u_target_relative": 0.7,
      "p_u_score_equivalent": 0.63,
      "measured_filter_sparsity_percent": 9.883720930232558,
      "measured_weight_sparsity_percent": 72.85567348399022,
      "pre_retrain_accuracy_percent": 14.43,
      "pre_retrain_loss": 2.59841875,
      "post_retrain_accuracy_percent": 91.55,
      "post_retrain_loss": 0.25906953125,
      "raw_param_term": 36412.47,
      "raw_ops_term": 18247968.0,
      "raw_score": 0.07167354107142856,
      "normalized_param_term": 0.006502226785714286,
      "normalized_ops_term": 0.06517131428571428,
      "normalized_score": 0.07167354107142856
    },
    {
      "p_s_target": 0.15,
      "p_u_target_relative": 0.5,
      "p_u_score_equivalent": 0.425,
      "measured_filter_sparsity_percent": 15.116279069767442,
      "measured_weight_sparsity_percent": 57.71085504740326,
      "pre_retrain_accuracy_percent": 14.35,
      "pre_retrain_loss": 2.7321625,
      "post_retrain_accuracy_percent": 91.91,
      "post_retrain_loss": 0.2473296875,
      "raw_param_term": 57315.925,
      "raw_ops_term": 17234192.0,
      "raw_score": 0.07178567232142857,
      "normalized_param_term": 0.010234986607142858,
      "normalized_ops_term": 0.061550685714285715,
      "normalized_score": 0.07178567232142857
    },
    {
      "p_s_target": 0.05,
      "p_u_target_relative": 0.8,
      "p_u_score_equivalent": 0.76,
      "measured_filter_sparsity_percent": 5.6686046511627906,
      "measured_weight_sparsity_percent": 81.01074771927732,
      "pre_retrain_accuracy_percent": 19.51,
      "pre_retrain_loss": 2.1529125,
      "post_retrain_accuracy_percent": 90.64,
      "post_retrain_loss": 0.28106953125,
      "raw_param_term": 25623.589999999993,
      "raw_ops_term": 19261744.0,
      "raw_score": 0.07336758392857143,
      "normalized_param_term": 0.00457564107142857,
      "normalized_ops_term": 0.06879194285714285,
      "normalized_score": 0.07336758392857143
    },
    {
      "p_s_target": 0.05,
      "p_u_target_relative": 0.7,
      "p_u_score_equivalent": 0.6649999999999999,
      "measured_filter_sparsity_percent": 5.523255813953488,
      "measured_weight_sparsity_percent": 71.51630791246795,
      "pre_retrain_accuracy_percent": 51.54,
      "pre_retrain_loss": 1.6252765625,
      "post_retrain_accuracy_percent": 91.75,
      "post_retrain_loss": 0.25170234375,
      "raw_param_term": 38435.385,
      "raw_ops_term": 19261744.0,
      "raw_score": 0.0756554044642857,
      "normalized_param_term": 0.006863461607142857,
      "normalized_ops_term": 0.06879194285714285,
      "normalized_score": 0.0756554044642857
    },
    {
      "p_s_target": 0.1,
      "p_u_target_relative": 0.5,
      "p_u_score_equivalent": 0.45,
      "measured_filter_sparsity_percent": 9.883720930232558,
      "measured_weight_sparsity_percent": 54.75933158428239,
      "pre_retrain_accuracy_percent": 20.19,
      "pre_retrain_loss": 2.54638125,
      "post_retrain_accuracy_percent": 92.26,
      "post_retrain_loss": 0.2435015625,
      "raw_param_term": 60687.45,
      "raw_ops_term": 18247968.0,
      "raw_score": 0.07600835892857143,
      "normalized_param_term": 0.010837044642857143,
      "normalized_ops_term": 0.06517131428571428,
      "normalized_score": 0.07600835892857143
    },
    {
      "p_s_target": 0.0,
      "p_u_target_relative": 0.8,
      "p_u_score_equivalent": 0.8,
      "measured_filter_sparsity_percent": 0.7267441860465116,
      "measured_weight_sparsity_percent": 80.00007453342079,
      "pre_retrain_accuracy_percent": 21.59,
      "pre_retrain_loss": 2.057271875,
      "post_retrain_accuracy_percent": 91.16,
      "post_retrain_loss": 0.26807412109375,
      "raw_param_term": 26972.199999999993,
      "raw_ops_term": 20275520.0,
      "raw_score": 0.0772290357142857,
      "normalized_param_term": 0.004816464285714284,
      "normalized_ops_term": 0.07241257142857142,
      "normalized_score": 0.0772290357142857
    },
    {
      "p_s_target": 0.0,
      "p_u_target_relative": 0.7,
      "p_u_score_equivalent": 0.7,
      "measured_filter_sparsity_percent": 0.29069767441860467,
      "measured_weight_sparsity_percent": 69.99992546657921,
      "pre_retrain_accuracy_percent": 68.93,
      "pre_retrain_loss": 1.155690625,
      "post_retrain_accuracy_percent": 92.0,
      "post_retrain_loss": 0.2435013671875,
      "raw_param_term": 40458.3,
      "raw_ops_term": 20275520.0,
      "raw_score": 0.07963726785714285,
      "normalized_param_term": 0.007224696428571429,
      "normalized_ops_term": 0.07241257142857142,
      "normalized_score": 0.07963726785714285
    },
    {
      "p_s_target": 0.05,
      "p_u_target_relative": 0.5,
      "p_u_score_equivalent": 0.475,
      "measured_filter_sparsity_percent": 5.523255813953488,
      "measured_weight_sparsity_percent": 52.52705563174528,
      "pre_retrain_accuracy_percent": 73.14,
      "pre_retrain_loss": 1.016765625,
      "post_retrain_accuracy_percent": 91.98,
      "post_retrain_loss": 0.23880390625,
      "raw_param_term": 64058.975,
      "raw_ops_term": 19261744.0,
      "raw_score": 0.08023104553571428,
      "normalized_param_term": 0.011439102678571428,
      "normalized_ops_term": 0.06879194285714285,
      "normalized_score": 0.08023104553571428
    },
    {
      "p_s_target": 0.0,
      "p_u_target_relative": 0.5,
      "p_u_score_equivalent": 0.5,