{
  "checkpoint": "/home/antonio/imt_efficient_deep_learning/antonio/experiments/quantization/best_model.pth",
  "device": "cuda",
  "fp8_format": "e4m3",
  "q_w": 8,
  "q_a": 8,
  "w": 269722,
  "f": 40551040,
  "w_ref": 5600000.0,
  "f_ref": 280000000.0,
  "acc_threshold": 90.0,
  "structured_ratios": [
    0.0,
    0.05,
    0.1,
    0.15
  ],
  "unstructured_ratios": [
    0.5,
    0.7,
    0.8
  ],
  "finetune_epochs": 12,
  "lr": 0.0003,
  "momentum": 0.9,
  "weight_decay": 0.0001,
  "results_sorted_by_raw_score": [
    {
      "p_s_target": 0.15,
      "p_u_target_relative": 0.8,
      "p_u_score_equivalent": 0.68,
      "measured_filter_sparsity_percent": 15.116279069767442,
      "measured_weight_sparsity_percent": 83.08426748554052,
      "pre_retrain_accuracy_percent": 14.03,
      "pre_retrain_loss": 2.5771655658721926,
      "post_retrain_accuracy_percent": 74.27,
      "post_retrain_loss": 0.8856894545555115,
      "raw_param_term": 11463.184999999996,
      "raw_ops_term": 8617096.0,
      "raw_score": 0.03282234017857143,
      "normalized_param_term": 0.002046997321428571,
      "normalized_ops_term": 0.030775342857142857,
      "normalized_score": 0.03282234017857143
    },
    {
      "p_s_target": 0.15,
      "p_u_target_relative": 0.7,
      "p_u_score_equivalent": 0.595,
      "measured_filter_sparsity_percent": 15.116279069767442,
      "measured_weight_sparsity_percent": 74.62658756186273,
      "pre_retrain_accuracy_percent": 14.54,
      "pre_retrain_loss": 2.8533842319488527,
      "post_retrain_accuracy_percent": 83.12,
      "post_retrain_loss": 0.6276147759437561,
      "raw_param_term": 17194.7775,
      "raw_ops_term": 8617096.0,
      "raw_score": 0.03384583883928571,
      "normalized_param_term": 0.003070495982142857,
      "normalized_ops_term": 0.030775342857142857,
      "normalized_score": 0.03384583883928571
    },
    {
      "p_s_target": 0.1,
      "p_u_target_relative": 0.8,
      "p_u_score_equivalent": 0.7200000000000001,
      "measured_filter_sparsity_percent": 9.883720930232558,
      "measured_weight_sparsity_percent": 81.90365810029218,
      "pre_retrain_accuracy_percent": 10.38,
      "pre_retrain_loss": 2.4646235525131224,
      "post_retrain_accuracy_percent": 77.8,
      "post_retrain_loss": 0.7919488166809082,
      "raw_param_term": 12137.489999999996,
      "raw_ops_term": 9123984.0,
      "raw_score": 0.03475306607142857,
      "normalized_param_term": 0.002167408928571428,
      "normalized_ops_term": 0.03258565714285714,
      "normalized_score": 0.03475306607142857
    },
    {
      "p_s_target": 0.1,
      "p_u_target_relative": 0.7,
      "p_u_score_equivalent": 0.63,
      "measured_filter_sparsity_percent": 9.883720930232558,
      "measured_weight_sparsity_percent": 72.85567348399022,
      "pre_retrain_accuracy_percent": 17.24,
      "pre_retrain_loss": 2.623478163146973,
      "post_retrain_accuracy_percent": 86.12,
      "post_retrain_loss": 0.5378602437019349,
      "raw_param_term": 18206.235,
      "raw_ops_term": 9123984.0,
      "raw_score": 0.03583677053571428,
      "normalized_param_term": 0.003251113392857143,
      "normalized_ops_term": 0.03258565714285714,
      "normalized_score": 0.03583677053571428
    },
    {
      "p_s_target": 0.15,
      "p_u_target_relative": 0.5,
      "p_u_score_equivalent": 0.425,
      "measured_filter_sparsity_percent": 15.116279069767442,
      "measured_weight_sparsity_percent": 57.71085504740326,
      "pre_retrain_accuracy_percent": 17.87,
      "pre_retrain_loss": 2.6099480575561524,
      "post_retrain_accuracy_percent": 86.98,
      "post_retrain_loss": 0.48805315370559693,
      "raw_param_term": 28657.9625,
      "raw_ops_term": 8617096.0,
      "raw_score": 0.035892836160714287,
      "normalized_param_term": 0.005117493303571429,
      "normalized_ops_term": 0.030775342857142857,
      "normalized_score": 0.035892836160714287
    },
    {
      "p_s_target": 0.05,
      "p_u_target_relative": 0.8,
      "p_u_score_equivalent": 0.76,
      "measured_filter_sparsity_percent": 5.523255813953488,
      "measured_weight_sparsity_percent": 81.01074771927732,
      "pre_retrain_accuracy_percent": 16.88,
      "pre_retrain_loss": 2.1723892429351808,
      "post_retrain_accuracy_percent": 80.25,
      "post_retrain_loss": 0.740698258972168,
      "raw_param_term": 12811.794999999996,
      "raw_ops_term": 9630872.0,
      "raw_score": 0.036683791964285714,
      "normalized_param_term": 0.002287820535714285,
      "normalized_ops_term": 0.034395971428571426,
      "normalized_score": 0.036683791964285714
    },
    {
      "p_s_target": 0.05,
      "p_u_target_relative": 0.7,
      "p_u_score_equivalent": 0.6649999999999999,
      "measured_filter_sparsity_percent": 5.523255813953488,
      "measured_weight_sparsity_percent": 71.51630791246795,
      "pre_retrain_accuracy_percent": 45.01,
      "pre_retrain_loss": 1.7471610630035401,
      "post_retrain_accuracy_percent": 88.29,
      "post_retrain_loss": 0.466085964679718,
      "raw_param_term": 19217.6925,
      "raw_ops_term": 9630872.0,
      "raw_score": 0.03782770223214285,
      "normalized_param_term": 0.0034317308035714286,
      "normalized_ops_term": 0.034395971428571426,
      "normalized_score": 0.03782770223214285
    },
    {
      "p_s_target": 0.1,
      "p_u_target_relative": 0.5,
      "p_u_score_equivalent": 0.45,
      "measured_filter_sparsity_percent": 9.883720930232558,
      "measured_weight_sparsity_percent": 54.75933158428239,
      "pre_retrain_accuracy_percent": 23.75,
      "pre_retrain_loss": 2.376666704559326,
      "post_retrain_accuracy_percent": 89.31,
      "post_retrain_loss": 0.40881502628326416,
      "raw_param_term": 30343.725,
      "raw_ops_term": 9123984.0,
      "raw_score": 0.03800417946428571,
      "normalized_param_term": 0.0054185223214285715,
      "normalized_ops_term": 0.03258565714285714,
      "normalized_score": 0.03800417946428571
    },
    {
      "p_s_target": 0.0,
      "p_u_target_relative": 0.8,
      "p_u_score_equivalent": 0.8,
      "measured_filter_sparsity_percent": 0.5813953488372093,
      "measured_weight_sparsity_percent": 80.00007453342079,
      "pre_retrain_accuracy_percent": 18.78,
      "pre_retrain_loss": 2.0907456844329833,
      "post_retrain_accuracy_percent": 82.93,
      "post_retrain_loss": 0.6610056286334991,
      "raw_param_term": 13486.099999999997,
      "raw_ops_term": 10137760.0,
      "raw_score": 0.03861451785714285,
      "normalized_param_term": 0.002408232142857142,
      "normalized_ops_term": 0.03620628571428571,
      "normalized_score": 0.03861451785714285
    },
    {
      "p_s_target": 0.0,
      "p_u_target_relative": 0.7,
      "p_u_score_equivalent": 0.7,
      "measured_filter_sparsity_percent": 0.29069767441860467,
      "measured_weight_sparsity_percent": 69.99992546657921,
      "pre_retrain_accuracy_percent": 69.84,
      "pre_retrain_loss": 1.1096715406417847,
      "post_retrain_accuracy_percent": 89.98,
      "post_retrain_loss": 0.4028388657569885,
      "raw_param_term": 20229.15,
      "raw_ops_term": 10137760.0,
      "raw_score": 0.03981863392857143,
      "normalized_param_term": 0.0036123482142857146,
      "normalized_ops_term": 0.03620628571428571,
      "normalized_score": 0.03981863392857143
    },
    {
      "p_s_target": 0.05,
      "p_u_target_relative": 0.5,
      "p_u_score_equivalent": 0.475,
      "measured_filter_sparsity_percent": 5.523255813953488,
      "measured_weight_sparsity_percent": 52.52705563174528,
      "pre_retrain_accuracy_percent": 70.97,
      "pre_retrain_loss": 1.0848055903434752,
      "post_retrain_accuracy_percent": 90.41,
      "post_retrain_loss": 0.3650827048301697,
      "raw_param_term": 32029.4875,
      "raw_ops_term": 9630872.0,
      "raw_score": 0.04011552276785714,
      "normalized_param_term": 0.005719551339285714,
      "normalized_ops_term": 0.034395971428571426,